{
    "sheep_op_1": {
        "category": "music",
        "sounds": [
            "sounds/v1.00.0/sheep_op_1"
        ]
    },
    "sheep_op_10": {
        "category": "music",
        "sounds": [
            "sounds/v1.00.0/sheep_op_10"
        ]
    },
    "sheep_op_2": {
        "category": "music",
        "sounds": [
            "sounds/v1.00.0/sheep_op_2"
        ]
    },
    "sheep_op_3": {
        "category": "music",
        "sounds": [
            "sounds/v1.00.0/sheep_op_3"
        ]
    },
    "sheep_op_4": {
        "category": "music",
        "sounds": [
            "sounds/v1.00.0/sheep_op_4"
        ]
    },
    "sheep_op_5": {
        "category": "music",
        "sounds": [
            "sounds/v1.00.0/sheep_op_5"
        ]
    },
    "sheep_op_6": {
        "category": "music",
        "sounds": [
            "sounds/v1.00.0/sheep_op_6"
        ]
    },
    "sheep_op_7": {
        "category": "music",
        "sounds": [
            "sounds/v1.00.0/sheep_op_7"
        ]
    },
    "sheep_op_8": {
        "category": "music",
        "sounds": [
            "sounds/v1.00.0/sheep_op_8"
        ]
    },
    "sheep_op_9": {
        "category": "music",
        "sounds": [
            "sounds/v1.00.0/sheep_op_9"
        ]
    }
}